sdasda,81dc9bdb52d04dc20036dbd8313ed055
sdasda,81dc9bdb52d04dc20036dbd8313ed055
sdasda,81dc9bdb52d04dc20036dbd8313ed055
sdasda,81dc9bdb52d04dc20036dbd8313ed055
sdasda,81dc9bdb52d04dc20036dbd8313ed055
sdasda,81dc9bdb52d04dc20036dbd8313ed055
jmanuelrardilla@gmial.com,81dc9bdb52d04dc20036dbd8313ed055
jmanuelrardilla@gmial.com,81dc9bdb52d04dc20036dbd8313ed055
jmanuelrardilla@gmial.com,81dc9bdb52d04dc20036dbd8313ed055
jmanuelrardilla@gmial.com,81dc9bdb52d04dc20036dbd8313ed055
,,d41d8cd98f00b204e9800998ecf8427e
qwe,qwe,6d2143154327a64d86a264aea225f3
qwe,qwe,6d2143154327a64d86a264aea225f3
qwe,qwe,6d2143154327a64d86a264aea225f3
qwe,qwe,6d2143154327a64d86a264aea225f3
qwe,qwe,6d2143154327a64d86a264aea225f3
qwe,qwe,6d2143154327a64d86a264aea225f3
qwe,qwe,6d2143154327a64d86a264aea225f3
qwe,qwe,6d2143154327a64d86a264aea225f3
qwe,qwe,6d2143154327a64d86a264aea225f3
qwe,qwe,6d2143154327a64d86a264aea225f3
qwe,qwe,6d2143154327a64d86a264aea225f3
qwe,qwe,6d2143154327a64d86a264aea225f3
SDAS,ASDASD,8ef8dcb30c52f4a5097a26c06197a0ae
SDAS,ASDASD,8ef8dcb30c52f4a5097a26c06197a0ae
SDAS,ASDASD,8ef8dcb30c52f4a5097a26c06197a0ae
SDAS,ASDASD,8ef8dcb30c52f4a5097a26c06197a0ae
SDAS,ASDASD,8ef8dcb30c52f4a5097a26c06197a0ae
SDAS,ASDASD,8ef8dcb30c52f4a5097a26c06197a0ae
SDAS,ASDASD,8ef8dcb30c52f4a5097a26c06197a0ae
,,d41d8cd98f00b204e9800998ecf8427e
,,d41d8cd98f00b204e9800998ecf8427e
,,d41d8cd98f00b204e9800998ecf8427e
,,d41d8cd98f00b204e9800998ecf8427e
hola,como,a82511e7deccb00ca2730bbb2feb4a3
hola,como,a82511e7deccb00ca2730bbb2feb4a3
hola,como,a82511e7deccb00ca2730bbb2feb4a3
hola,como,a82511e7deccb00ca2730bbb2feb4a3
hola,como,a82511e7deccb00ca2730bbb2feb4a3
hola,como,a82511e7deccb00ca2730bbb2feb4a3
a,aa,cc175b9c0f1b6a831c399e269772661
sirve,porfa,81dc9bdb52d04dc20036dbd8313ed055
